,SSRT,SIF
brain/behaviour correlation,-0.431071113,0.442373896
lowerCI,-0.722607838,0.055449606
upperCI,-0.012747182,0.746969352
