sID,BrainScores
1,-20.20945964
2,3.527008281
3,13.35478671
4,-5.298693128
5,46.48620011
6,-11.60975637
7,11.32163815
8,-3.972854784
9,
10,14.19869323
11,25.34833546
12,-15.26680391
13,-18.08579678
14,-7.179371303
15,42.8994536
16,-18.47623506
17,4.036214599
18,-12.62573909
19,-1.679224172
20,-25.42056393
21,3.872619034
22,11.77897029
23,-16.58105322
24,-20.41836807
